,multi_windowing_periods,guessing_periods,predicting_period
0,4.979998630005866e-05,,
1,3.330000618007034e-05,,
2,2.710000262595713e-05,,
3,2.260001201648265e-05,,
4,2.47000134550035e-05,,
5,2.0199993741698563e-05,,
6,3.610001294873655e-05,,
7,3.960001049563289e-05,,
8,3.819999983534217e-05,,
9,2.9700007871724665e-05,,
10,2.5300003471784294e-05,,
11,2.540000423323363e-05,,
12,2.0000006770715117e-05,,
13,4.290000651963055e-05,,
14,3.2800002372823656e-05,,
15,4.05999890062958e-05,,
16,4.0400002035312355e-05,,
17,5.3800002206116915e-05,,
18,2.3900007363408804e-05,,
19,4.849999095313251e-05,,
20,2.2799998987466097e-05,,
21,1.889999839477241e-05,,
22,3.959999594371766e-05,,
23,2.6300011086277664e-05,,
24,1.930000144056976e-05,,
25,3.130000550299883e-05,,
26,3.229999856557697e-05,,
27,2.7099988074041903e-05,,
28,3.0800001695752144e-05,,
29,3.229999856557697e-05,,
30,2.059999678749591e-05,,
31,1.550000160932541e-05,,
32,2.3100001271814108e-05,,
33,1.8499995348975062e-05,,
34,2.339998900424689e-05,,
35,2.059999678749591e-05,,
36,3.470000228844583e-05,,
37,3.5899996873922646e-05,,
38,2.5500004994682968e-05,,
39,2.0000006770715117e-05,,
40,2.1200001356191933e-05,,
41,1.9400002202019095e-05,,
42,2.059999678749591e-05,,
43,3.1199990189634264e-05,,
44,3.340000694151968e-05,,
45,2.1599989850074053e-05,,
46,3.650000144261867e-05,,
47,3.029999788850546e-05,,
48,2.0099992980249226e-05,,
49,1.9899991457350552e-05,,
50,3.57000099029392e-05,,
51,2.3100001271814108e-05,,
52,1.9400002202019095e-05,,
53,2.0100007532164454e-05,,
54,1.8999999156221747e-05,,
55,2.1400002879090607e-05,,
56,1.8999999156221747e-05,,
57,2.649999805726111e-05,,
58,9.770000178832561e-05,,
59,1.9799990695901215e-05,,
60,2.1500003640539944e-05,,
61,3.070000093430281e-05,,
62,4.6200002543628216e-05,,
63,3.739999374374747e-05,,
64,4.020000051241368e-05,,
65,5.2799994591623545e-05,,
66,3.1799994758330286e-05,,
67,1.9400002202019095e-05,,
68,1.440000778529793e-05,,
69,1.9099999917671084e-05,,
70,1.9700004486367106e-05,,
71,1.9700004486367106e-05,,
72,3.479998849797994e-05,,
73,2.9100003303028643e-05,,
74,2.0099992980249226e-05,,
75,2.0399995264597237e-05,,
76,1.9099999917671084e-05,,
77,2.0100007532164454e-05,,
78,1.9400002202019095e-05,,
79,3.54999938281253e-05,,
80,2.19999928958714e-05,,
81,2.7700007194653153e-05,,
82,1.9500002963468432e-05,,
83,2.1799991372972727e-05,,
84,2.8000009479001164e-05,,
85,2.710000262595713e-05,,
86,3.9399994420818985e-05,,
87,2.099999983329326e-05,,
88,2.0199993741698563e-05,,
89,2.059999678749591e-05,,
90,2.3499989765696228e-05,,
91,1.960000372491777e-05,,
92,1.9400002202019095e-05,,
93,2.7999994927085936e-05,,
94,2.989999484270811e-05,,
95,1.9499988411553204e-05,,
96,0.00010449999535921961,,
97,1.9099999917671084e-05,,
98,1.9700004486367106e-05,,
99,3.9999998989515007e-05,,
100,3.15000070258975e-05,,
101,2.0699997548945248e-05,,
102,4.020000051241368e-05,,
103,2.0499996026046574e-05,,
104,1.9500002963468432e-05,,
105,2.099999983329326e-05,,
106,1.9400002202019095e-05,,
107,3.329999162815511e-05,,
108,3.1100003980100155e-05,,
109,2.0000006770715117e-05,,
110,1.999999221879989e-05,,
111,1.999999221879989e-05,,
112,2.0699997548945248e-05,,
113,1.930000144056976e-05,,
114,3.029999788850546e-05,,
115,4.4200001866556704e-05,,
116,2.200000744778663e-05,,
117,1.9800005247816443e-05,,
118,1.9699989934451878e-05,,
119,1.9700004486367106e-05,,
120,1.9500002963468432e-05,,
121,3.1400006264448166e-05,,
122,2.4900000425986946e-05,,
123,1.990000600926578e-05,,
124,1.9400002202019095e-05,,
125,3.700000524986535e-05,,
126,2.4199995095841587e-05,,
127,2.3900007363408804e-05,,
128,3.470000228844583e-05,,
129,2.7999994927085936e-05,,
130,2.7400004910305142e-05,,
131,2.0899999071843922e-05,,
132,1.5099998563528061e-05,,
133,1.85999961104244e-05,,
134,1.9800005247816443e-05,,
135,3.88999906135723e-05,,
136,2.5599991204217076e-05,,
137,2.0000006770715117e-05,,
138,1.8999999156221747e-05,,
139,3.0499999411404133e-05,,
140,2.0799998310394585e-05,,
141,2.5300003471784294e-05,,
142,3.1199990189634264e-05,,
143,2.929999027401209e-05,,
144,1.9199986127205193e-05,,
145,2.1400002879090607e-05,,
146,1.9700004486367106e-05,,
147,1.930000144056976e-05,,
148,1.9399987650103867e-05,,
149,2.239999594166875e-05,,
150,3.460000152699649e-05,,
151,1.9699989934451878e-05,,
152,1.959998917300254e-05,,
153,2.020000829361379e-05,,
154,1.890001294668764e-05,,
155,3.819999983534217e-05,,
156,3.130000550299883e-05,,
157,3.9099992136470973e-05,,
158,3.849998756777495e-05,,
159,3.539999306667596e-05,,
160,4.270000499673188e-05,,
161,3.7600009818561375e-05,,
162,2.3300002794712782e-05,,
163,3.199999628122896e-05,,
164,3.6200013710185885e-05,,
165,2.4199995095841587e-05,,
166,2.340000355616212e-05,,
167,2.1100000594742596e-05,,
168,2.1100000594742596e-05,,
169,2.02999945031479e-05,,
170,3.200001083314419e-05,,
171,3.540000761859119e-05,,
172,3.709999145939946e-05,,
173,2.540000423323363e-05,,
174,2.1599989850074053e-05,,
175,2.160000440198928e-05,,
176,2.379999205004424e-05,,
177,1.9099999917671084e-05,,
178,5.020000389777124e-05,,
179,4.569999873638153e-05,,
180,2.2899999748915434e-05,,
181,2.02999945031479e-05,,
182,1.9099999917671084e-05,,
183,1.9400002202019095e-05,,
184,1.8999999156221747e-05,,
185,3.239999932702631e-05,,
186,3.120000474154949e-05,,
187,3.759999526664615e-05,,
188,2.3100001271814108e-05,,
189,1.920000067912042e-05,,
190,2.030000905506313e-05,,
191,1.9500002963468432e-05,,
192,4.119999357499182e-05,,
193,3.670000296551734e-05,,
194,3.310000465717167e-05,,
195,2.099999983329326e-05,,
196,2.1400002879090607e-05,,
197,1.9699989934451878e-05,,
198,1.9099999917671084e-05,,
199,2.9099988751113415e-05,,
200,2.8599999495781958e-05,,
201,2.0399995264597237e-05,,
202,1.930000144056976e-05,,
203,4.369999805931002e-05,,
204,3.090000245720148e-05,,
205,2.7700007194653153e-05,,
206,0.00015719998918939382,,
207,4.610000178217888e-05,,
208,3.060000017285347e-05,,
209,2.9699993319809437e-05,,
210,3.0099996365606785e-05,,
211,0.018616000001202337,,
212,0.014426499998080544,,
213,0.014323199997306801,,
214,0.030389699997613207,,
215,0.04752279999956954,0.0031959000043570995,
216,0.047928400003002025,0.0029969000024721026,
217,0.04487070000323001,0.002202000003308058,
218,0.043519900005776435,0.002549700002418831,
219,0.04846930000348948,0.002982299993163906,
220,0.04173189999710303,0.002317799997399561,
221,0.04564369999570772,0.0024164000060409307,
222,0.04816390000632964,0.0026652000087779015,0.008720499987248331
223,0.06978330000129063,0.004602000000886619,0.001745899993693456
224,0.06467349999002181,0.004825600000913255,0.0023136999952839687
225,0.08777399999962654,0.004066400011652149,0.0017238999862456694
226,0.06948839999677148,0.004430899993167259,0.001493599993409589
227,0.07103310000093188,0.004740000003948808,0.0015181999915512279
228,0.07105110000702552,0.0032076000061351806,0.0030857000092510134
229,0.08680350000213366,0.003942600000300445,0.002445100006298162
230,0.07442460001038853,0.0041329999949084595,0.00306319999799598
231,0.0721594000060577,0.004641000006813556,0.0026806999958353117
232,0.08322140001109801,0.006872099998872727,0.0038207999896258116
233,0.1045767000032356,0.00569829999585636,0.002141400007531047
234,0.08202520001213998,0.004235499989590608,0.0017633000097703189
235,0.07369359998847358,0.006136299998615868,0.0018674000020837411
236,0.09530440000526141,0.005929199993261136,0.002391200003330596
237,0.07378310000058264,0.005481800006236881,0.001822199992602691
238,0.07983549998607486,0.003264400002080947,0.003231099995900877
239,0.07315229999949224,0.0032550999894738197,0.0028833999967901036
240,0.06717100000241771,0.0044215000089025125,0.0016996999911498278
241,0.099734500006889,0.004781700001331046,0.002017499995417893
242,0.0785840000025928,0.0041655999957583845,0.003421200002776459
243,0.07360279999556951,0.003953199993702583,0.0039222999912453815
244,0.07442550000268966,0.003356000001076609,0.0015735000051790848
245,0.07212950001121499,0.004042000000481494,0.0030251000134740025
246,0.0978527999977814,0.0038462999946204945,0.004270600009476766
247,0.09071350000158418,0.0045264999935170636,0.001720900007057935
248,0.07510159999947064,0.005981400012387894,0.002227399992989376
249,0.07871490000979975,0.0034091000125044957,0.0021250999998301268
250,0.07701690000249073,0.0047633000067435205,0.0018616999877849594
251,0.08426390000386164,0.004351199997472577,0.0031214999908115715
252,0.0721888999978546,0.005195699995965697,0.001592999993590638
253,0.06889340000634547,0.003430500000831671,0.001583400007802993
254,0.07129490000079386,0.00373290000425186,0.0015964000049280003
255,0.08070639999641571,0.005354199995053932,0.0047654999943915755
256,0.09571200000937097,0.006716600008076057,0.006315799997537397
257,0.12960230000317097,0.003916899993782863,0.003852599998936057
258,0.08352260000538081,0.0037274999922374263,0.0038585000002058223
259,0.08580220000294503,0.003627400001278147,0.004563599999528378
260,0.0847009999997681,0.005342100004781969,0.002645400003530085
261,0.07258210000873078,0.006214200009708293,0.002003000001423061
262,0.08305999998992775,0.0032435000030091032,0.003919700000551529
263,0.0852803000016138,0.0032266999915009364,0.0039662000053795055
264,0.07926079999015201,0.005862599995452911,0.0018404000002192333
265,0.08416009999928065,0.005797500009066425,0.0016884999931789935
266,0.07329780000145547,0.00519749999511987,0.001643700001295656
267,0.06981099999393336,0.0055044000037014484,0.0017149000050267205
268,0.07709049999539275,0.005505199995241128,0.002085599990095943
269,0.07700569998996798,0.0027335000049788505,0.004400299992994405
270,0.07590529999288265,0.005264599996735342,0.0016349000070476905
271,0.0885091999953147,0.005339499999536201,0.002078499994240701
272,0.07142679998651147,0.004933800009894185,0.0032986000005621463
273,0.1048031000100309,0.009649400002672337,0.003267799998866394
274,0.09895259999029804,0.00577829999383539,0.0017659000004641712
275,0.07320279999112245,0.005611400003544986,0.0016309000056935474
276,0.0817378999927314,0.006116699994890951,0.0017869000002974644
277,0.10988809999253135,0.0036478999973041937,0.005399499990744516
278,0.09456969999882858,0.003555600007530302,0.004039300009026192
279,0.08353150000039022,0.004722500001662411,0.0022121000074548647
280,0.07822090000263415,0.004346699992311187,0.002820499998051673
281,0.0730282000004081,0.0054392000020015985,0.0016916000022320077
282,0.09361969999736175,0.0028355999966152012,0.0017253999976674095
283,0.07465040001261514,0.003248399996664375,0.003994600003352389
284,0.08629809999547433,0.005893499997910112,0.00155050000466872
285,0.09007330000167713,0.0053084999963175505,0.0020558999967761338
286,0.08531570000923239,0.006252799998037517,0.0016294999950332567
287,0.09449880001193378,0.0034893999982159585,0.0035607000027084723
288,0.07456809999712277,0.004698999997344799,0.0023474000045098364
289,0.08432219999667723,0.006212699998286553,0.0015611999988323078
290,0.1071453000040492,0.002904199995100498,0.0016449999966425821
291,0.07592440000735223,0.0037429000076372176,0.001606499994522892
292,0.07740660000126809,0.004077000005054288,0.0038573000056203455
293,0.07305639999685809,0.005932500003837049,0.0018176000012317672
294,0.07161670000641607,0.004247599994414486,0.0018333000043639913
295,0.08131549999234267,0.004438100004335865,0.002217100001871586
296,0.07662839999829885,0.006437900010496378,0.0016552999877603725
297,0.1200100999994902,0.003340000010211952,0.00144160000490956
298,0.08084890000463929,0.006338499995763414,0.0015506000054301694
299,0.09114469999622088,0.00405069999396801,0.0018619000038597733
300,0.12519890000112355,0.006873999998788349,0.0017719000024953857
301,0.10737499999231659,0.006275799998547882,0.005011699991882779
302,0.07976389999384992,0.0033691999997245148,0.0034807999909389764
303,0.07196950000070501,0.004978699987987056,0.004920399995171465
304,0.08105790000990964,0.0028135999891674146,0.0013993000029586256
305,0.07597419999365229,0.0034124000085284933,0.003577800001949072
306,0.08244179999746848,0.002807800003211014,0.0016183000116143376
307,0.0935040000040317,0.004289000004064292,0.0030190999968908727
308,0.08175440000195522,0.0032845999958226457,0.0017361000063829124
309,0.07571889999962877,0.0033613999985391274,0.004240499998559244
310,0.09309370000846684,0.003994600003352389,0.002036299993051216
311,0.07913170001120307,0.004979400007869117,0.0034084000071743503
312,0.08108519999950659,0.004115500007173978,0.002195900000515394
313,0.09867819999635685,0.0042818999936571345,0.0016564000106882304
314,0.07577790001232643,0.0034082999918609858,0.0017285000067204237
315,0.0975235999940196,0.0037183000094955787,0.0017611000075703487
316,0.10110339999664575,0.002849700002116151,0.0017325000080745667
317,0.0862941000086721,0.0033364999981131405,0.0017191000079037622
318,0.08048600000620354,0.0027723000093828887,0.0015407999890157953
319,0.0693506000097841,0.0032064000115497038,0.0016419000021414831
320,0.07871610000438523,0.003754100005608052,0.0015998000017134473
321,0.07990749999589752,0.004009399999631569,0.002488800004357472
322,0.09061460000521038,0.004209499995340593,0.0021512000093935058
323,0.09794019999390002,0.006706600004690699,0.0020234999974491075
324,0.11235579999629408,0.0042889999895123765,0.0020625000033760443
325,0.08177259999501985,0.005033599998569116,0.0021006999886594713
326,0.09406620000663679,0.003922100004274398,0.001613599990378134
327,0.07808880000084173,0.006077400001231581,0.001648000004934147
328,0.08454989999881946,0.005197999998927116,0.0013850999966962263
329,0.07169129999238066,0.004997500000172295,0.0033950000070035458
330,0.09250510000856593,0.003276999996160157,0.00160090001008939
331,0.07492959999945015,0.004919800005154684,0.0028030999965267256
332,0.06699350000417326,0.0039757999911671504,0.001887600010377355
333,0.07721499999752268,0.0058748999872477725,0.0045230999967316166
334,0.07237690000329167,0.0033022999996319413,0.0046058999869273975
335,0.07599360001040623,0.005271400004858151,0.0016959000058704987
336,0.0983118000003742,0.008818899994366802,0.0017507000011391938
337,0.0898346999892965,0.005046700011007488,0.004909499999484979
338,0.08614689999376424,0.0032833000004757196,0.0039779000071575865
339,0.09100420000322629,0.0065737999975681305,0.0018660999921848997
340,0.08257889999367762,0.0056219000107375905,0.001993899990338832
341,0.12192560000403319,0.00287209999805782,0.0015834999940125272
342,0.07544980000238866,0.0033038999972632155,0.0033334999898215756
343,0.09511860000202432,0.003337900008773431,0.001906199991935864
344,0.08617619999859016,0.005301299999700859,0.0015959000011207536
345,0.08419579999463167,0.004581499990308657,0.0027314000035403296
346,0.09030630000052042,0.0031181000085780397,0.0013632000045618042
347,0.07018009999592323,0.005874299997230992,0.001869500003522262
348,0.09049630000663456,0.004101899990928359,0.0018020999996224418
349,0.08453589999407995,0.004941499995766208,0.0019447999948170036
350,0.08784940000623465,0.0033936999971047044,0.0015342999977292493
351,0.08317399999941699,0.005831000002217479,0.0020404999959282577
352,0.08484630000020843,0.005103200004668906,0.0019477000023471192
353,0.09766049998870585,0.004106599997612648,0.003080399997998029
354,0.09063929998956155,0.0074093999864999205,0.0020678000000771135
355,0.09922910000022966,0.003308700004708953,0.0015850999916438013
356,0.09491759999946225,0.007360699994023889,0.0020668000070145354
357,0.08154480000666808,0.006374699994921684,0.0016501000063726678
358,0.08923789999971632,0.0029525999998440966,0.001628600002732128
359,0.09603179999976419,0.003005000005941838,0.0030623999919043854
360,0.07254869998723734,0.004097999990335666,0.004276299994671717
361,0.07665489999635611,0.006937199999811128,0.0016243999998550862
362,0.0828518000053009,0.0046652000019093975,0.0031405999907292426
363,0.08832109998911619,0.006886599992867559,0.0015540000022156164
364,0.08071259999996983,0.005549499997869134,0.002303600005689077
365,0.09629279999353457,0.005422999995062128,0.005116899992572144
366,0.09142630000133067,0.0031337999971583486,0.0016016000008676201
367,0.103959499989287,0.0031559999915771186,0.0019415000133449212
368,0.0826837000058731,0.005314800000633113,0.0017829999997047707
369,0.11158620000060182,0.006106999993789941,0.0016342999879270792
370,0.08824800000002142,0.004533600003924221,0.0016336999979102984
371,0.08812609998858534,0.003733500008820556,0.00163050000264775
372,0.09488119999878109,0.004209400009131059,0.0030913999944459647
373,0.08543859999917913,0.0034362000005785376,0.004447700004675426
374,0.09597749999375083,0.002766899997368455,0.0029759000026388094
375,0.08222359999490436,0.0029414000018732622,0.0018156000005546957
376,0.10216140000557061,0.011306599990348332,0.0027599000022746623
377,0.08764519999385811,0.00797989999409765,0.0020535999938147143
378,0.09321979999367613,0.007385299992165528,0.0016253000067081302
379,0.07231280000996776,0.00711320000118576,0.002077800003462471
380,0.08328110000002198,0.006489699997473508,0.0019900000042980537
381,0.08488160000706557,0.006248699995921925,0.001857899987953715
382,0.07943309999245685,0.0035579999967012554,0.0031530999985989183
383,0.07309570000506938,0.0033533999958308414,0.0036007999879075214
384,0.08163520001107827,0.0027145000058226287,0.001590800005942583
385,0.0697197999979835,0.005514100004802458,0.0018810999899869785
386,0.0931300999945961,0.005149500007973984,0.005640899995341897
